"company_name","company_number","reg_address_care_of","reg_address_po_box","reg_address_line1","reg_address_line2","reg_address_post_town","reg_address_county","reg_address_country","reg_address_post_code","company_category","company_status","country_of_origin","dissolution_date","incorporation_date","accounts_ref_day","accounts_ref_month","accounts_next_due_date","accounts_last_made_up_date","accounts_category","returns_next_due_date","returns_last_made_up_date","mortgages_num_charges","mortgages_num_outstanding","mortgages_num_part_satisfied","mortgages_num_satisfied","sic_code_text_1","sic_code_text_2","sic_code_text_3","sic_code_text_4","limited_partnerships_num_gen_partners","limited_partnerships_num_lim_partners","uri","previous_name_1_condate","previous_name_1_company_name","previous_name_2_condate","previous_name_2_company_name","previous_name_3_condate","previous_name_3_company_name","previous_name_4_condate","previous_name_4_company_name","previous_name_5_condate","previous_name_5_company_name","previous_name_6_condate","previous_name_6_company_name","previous_name_7_condate","previous_name_7_company_name","previous_name_8_condate","previous_name_8_company_name","previous_name_9_condate","previous_name_9_company_name","previous_name_10_condate","previous_name_10_company_name","conf_stmt_next_due_date","conf_stmt_last_made_up_date"
"! LTD","08209948","","","9 PRINCES SQUARE","","HARROGATE","","ENGLAND","HG1 1ND","Private Limited Company","Active","United Kingdom",NULL,"2012-09-11",30,9,"2025-06-30","2023-09-30","DORMANT","2016-10-09","2015-09-11",0,0,0,0,"99999 - Dormant Company","","","",0,0,"http://business.data.gov.uk/id/company/08209948",NULL,"",NULL,"",NULL,"",NULL,"",NULL,"",NULL,"",NULL,"",NULL,"",NULL,"",NULL,"","2025-09-25","2024-09-11"
"!BIG IMPACT GRAPHICS LIMITED","11743365","","","372 OLD STREET","335 ROSDEN HOUSE","LONDON","","UNITED KINGDOM","EC1V 9LT","Private Limited Company","Active","United Kingdom",NULL,"2018-12-28",31,12,"2025-09-30","2023-12-24","DORMANT","2020-01-25",NULL,0,0,0,0,"18129 - Printing n.e.c.","59112 - Video production activities","63120 - Web portals","74201 - Portrait photographic activities",0,0,"http://business.data.gov.uk/id/company/11743365",NULL,"",NULL,"",NULL,"",NULL,"",NULL,"",NULL,"",NULL,"",NULL,"",NULL,"",NULL,"","2025-12-29","2024-12-15"
"!NFLECTION ADVISORY LIMITED","15073164","","","52 MEADWAY","","BARNET","","UNITED KINGDOM","EN5 5LB","Private Limited Company","Active","United Kingdom",NULL,"2023-08-15",31,8,"2025-05-15",NULL,"NO ACCOUNTS FILED","2024-09-12",NULL,0,0,0,0,"70229 - Management consultancy activities other than financial management","","","",0,0,"http://business.data.gov.uk/id/company/15073164",NULL,"",NULL,"",NULL,"",NULL,"",NULL,"",NULL,"",NULL,"",NULL,"",NULL,"",NULL,"","2025-08-28","2024-08-14"
"!NFOGENIE LTD","13522064","","","71-75 SHELTON STREET","","LONDON","GREATER LONDON","UNITED KINGDOM","WC2H 9JQ","Private Limited Company","Active","United Kingdom",NULL,"2021-07-21",31,7,"2026-04-30","2024-07-31","MICRO ENTITY","2022-08-18",NULL,0,0,0,0,"58290 - Other software publishing","","","",0,0,"http://business.data.gov.uk/id/company/13522064",NULL,"",NULL,"",NULL,"",NULL,"",NULL,"",NULL,"",NULL,"",NULL,"",NULL,"",NULL,"","2025-08-03","2024-07-20"
"!NK MEDIA LIMITED","15801429","","","85 GREAT PORTLAND STREET, FIRST FLOOR, LONDON 85 GREAT PORTLAND STREET","FIRST FLOOR","LONDON","","ENGLAND","W1W 7LT","Private Limited Company","Active","United Kingdom",NULL,"2024-06-25",30,6,"2026-03-25",NULL,"NO ACCOUNTS FILED","2025-07-23",NULL,0,0,0,0,"59112 - Video production activities","59120 - Motion picture, video and television programme post-production activities","60200 - Television programming and broadcasting activities","",0,0,"http://business.data.gov.uk/id/company/15801429",NULL,"",NULL,"",NULL,"",NULL,"",NULL,"",NULL,"",NULL,"",NULL,"",NULL,"",NULL,"","2025-07-08",NULL
"!NNOV8 LIMITED","11006939","","","OLD BARN FARM","HARTFIELD ROAD","EDENBRIDGE","","ENGLAND","TN8 5NF","Private Limited Company","Active","United Kingdom",NULL,"2017-10-11",30,3,"2025-12-30","2024-03-31","MICRO ENTITY","2018-11-08",NULL,0,0,0,0,"62090 - Other information technology service activities","70229 - Management consultancy activities other than financial management","","",0,0,"http://business.data.gov.uk/id/company/11006939",NULL,"",NULL,"",NULL,"",NULL,"",NULL,"",NULL,"",NULL,"",NULL,"",NULL,"",NULL,"","2025-10-24","2024-10-10"
"!NNOVATION LAB LTD","15431491","","","6 THORNEYHOLME CLOSE","LOSTOCK","BOLTON","","ENGLAND","BL6 4BZ","Private Limited Company","Active","United Kingdom",NULL,"2024-01-22",31,1,"2025-10-22",NULL,"NO ACCOUNTS FILED","2025-02-19",NULL,0,0,0,0,"70229 - Management consultancy activities other than financial management","78300 - Human resources provision and management of human resources functions","85520 - Cultural education","",0,0,"http://business.data.gov.uk/id/company/15431491",NULL,"",NULL,"",NULL,"",NULL,"",NULL,"",NULL,"",NULL,"",NULL,"",NULL,"",NULL,"","2025-02-04",NULL
"!NSPIRED INVESTMENTS LTD","SC606050","","","26 POLMUIR ROAD","","ABERDEEN","","SCOTLAND","AB11 7SY","Private Limited Company","Active","United Kingdom",NULL,"2018-08-22",31,8,"2025-05-31","2023-08-31","TOTAL EXEMPTION FULL","2019-09-19",NULL,5,5,0,0,"68209 - Other letting and operating of own or leased real estate","","","",0,0,"http://business.data.gov.uk/id/company/SC606050",NULL,"",NULL,"",NULL,"",NULL,"",NULL,"",NULL,"",NULL,"",NULL,"",NULL,"",NULL,"","2025-02-12","2024-01-29"
"!NSPIRED LTD","SC421617","","","26 POLMUIR ROAD","","ABERDEEN","","UNITED KINGDOM","AB11 7SY","Private Limited Company","Liquidation","United Kingdom",NULL,"2012-04-11",10,1,"2023-10-10","2022-01-10","TOTAL EXEMPTION FULL","2017-05-09","2016-04-11",0,0,0,0,"70229 - Management consultancy activities other than financial management","","","",0,0,"http://business.data.gov.uk/id/company/SC421617",NULL,"",NULL,"",NULL,"",NULL,"",NULL,"",NULL,"",NULL,"",NULL,"",NULL,"",NULL,"","2022-04-25","2021-04-11"
"!NVERTD DESIGNS LIMITED","09152972","","","2 SANDROCKS LODGE","ROCKY LANE","HAYWARDS HEATH","","ENGLAND","RH16 4RW","Private Limited Company","Active","United Kingdom",NULL,"2014-07-30",31,7,"2026-04-30","2024-07-31","TOTAL EXEMPTION FULL","2016-08-27","2015-07-30",0,0,0,0,"58190 - Other publishing activities","","","",0,0,"http://business.data.gov.uk/id/company/09152972",NULL,"",NULL,"",NULL,"",NULL,"",NULL,"",NULL,"",NULL,"",NULL,"",NULL,"",NULL,"","2025-08-13","2024-07-30"
"!OBAC LIMITED","FC031362","","","REGENCY COURT PO BOX 296,","GLATEGNY ESPLANADE","ST PETER PORT","GY1 4NA","GUERNSEY","","Other company type","Active","CHANNEL ISLANDS",NULL,"2012-11-30",31,12,NULL,"2022-12-31","FULL",NULL,NULL,0,0,0,0,"None Supplied","","","",0,0,"http://business.data.gov.uk/id/company/FC031362",NULL,"",NULL,"",NULL,"",NULL,"",NULL,"",NULL,"",NULL,"",NULL,"",NULL,"",NULL,"","2016-12-14",NULL
"!OBAC UK LIMITED","07687209","","","UNIT 9   BERRY COURT FARM BRAMLEY ROAD","LITTLE LONDON","TADLEY","HAMPSHIRE","","RG26 5AT","Private Limited Company","Active","United Kingdom",NULL,"2011-06-29",29,6,"2025-03-29","2022-12-31","TOTAL EXEMPTION FULL","2017-07-27","2016-06-29",1,0,0,1,"70229 - Management consultancy activities other than financial management","","","",0,0,"http://business.data.gov.uk/id/company/07687209","2011-07-15","!OBAC FITTINGS LIMITED",NULL,"",NULL,"",NULL,"",NULL,"",NULL,"",NULL,"",NULL,"",NULL,"",NULL,"","2025-07-13","2024-06-29"
"!YOZO FASS LIMITED","02714021","","","1 VERONICA HOUSE","WICKHAM ROAD","BROCKLEY","","","SE4 1NQ","Private Limited Company","Active","United Kingdom",NULL,"1992-05-12",31,3,"2025-12-31","2024-03-31","DORMANT","2017-06-09","2016-05-12",0,0,0,0,"90010 - Performing arts","","","",0,0,"http://business.data.gov.uk/id/company/02714021",NULL,"",NULL,"",NULL,"",NULL,"",NULL,"",NULL,"",NULL,"",NULL,"",NULL,"",NULL,"","2026-01-13","2024-12-30"
""" I NEED IT EMPORIUM"" LTD","15379092","","","15 LINCOLN WAY","","THETFORD","NORFOLK","UNITED KINGDOM","IP24 1DG","Private Limited Company","Active","United Kingdom",NULL,"2023-12-31",31,12,"2025-09-30",NULL,"NO ACCOUNTS FILED","2025-01-28",NULL,0,0,0,0,"47910 - Retail sale via mail order houses or via Internet","","","",0,0,"http://business.data.gov.uk/id/company/15379092",NULL,"",NULL,"",NULL,"",NULL,"",NULL,"",NULL,"",NULL,"",NULL,"",NULL,"",NULL,"","2025-01-13",NULL
""" TRIPLE D"" PROPERTIES LIMITED","13310195","","","48 NOCKS AVENUE","","BIRMINGHAM","","ENGLAND","B24 9NB","Private Limited Company","Active","United Kingdom",NULL,"2021-04-01",30,4,"2025-01-31","2023-04-30","UNAUDITED ABRIDGED","2022-04-29",NULL,1,1,0,0,"68209 - Other letting and operating of own or leased real estate","68320 - Management of real estate on a fee or contract basis","","",0,0,"http://business.data.gov.uk/id/company/13310195",NULL,"",NULL,"",NULL,"",NULL,"",NULL,"",NULL,"",NULL,"",NULL,"",NULL,"",NULL,"","2025-05-14","2024-04-30"
"""1ST RATE"" PSYCHOLOGY SERVICES LTD","11303802","","","116 ALEXANDRA ROAD","","GREAT WAKERING","ESSEX","UNITED KINGDOM","SS3 0GW","Private Limited Company","Active","United Kingdom",NULL,"2018-04-11",29,4,"2025-01-29","2023-04-29","MICRO ENTITY","2019-05-09",NULL,0,0,0,0,"85600 - Educational support services","86900 - Other human health activities","","",0,0,"http://business.data.gov.uk/id/company/11303802",NULL,"",NULL,"",NULL,"",NULL,"",NULL,"",NULL,"",NULL,"",NULL,"",NULL,"",NULL,"","2025-04-24","2024-04-10"
"""2 ECOUTE"" LIMITED","06439541","","","38 PAXTON GARDENS","WOKING","SURREY","","","GU21 5TS","Private Limited Company","Active - Proposal to Strike off","United Kingdom",NULL,"2007-11-28",30,11,"2023-08-31","2021-11-30","DORMANT","2016-12-26","2015-11-28",0,0,0,0,"99999 - Dormant Company","","","",0,0,"http://business.data.gov.uk/id/company/06439541",NULL,"",NULL,"",NULL,"",NULL,"",NULL,"",NULL,"",NULL,"",NULL,"",NULL,"",NULL,"","2022-12-12","2021-11-28"
"""20-20 VOICE"" CANCER","CE000952","","","","","","","","","Charitable Incorporated Organisation","Active","United Kingdom",NULL,"2014-04-17",NULL,NULL,NULL,NULL,"NO ACCOUNTS FILED",NULL,NULL,0,0,0,0,"None Supplied","","","",0,0,"http://business.data.gov.uk/id/company/CE000952",NULL,"",NULL,"",NULL,"",NULL,"",NULL,"",NULL,"",NULL,"",NULL,"",NULL,"",NULL,"",NULL,NULL
"""243 RUGBY ROAD MANAGEMENT COMPANY LIMITED""","05914136","","","94 PARK LANE","","CROYDON","SURREY","ENGLAND","CR0 1JB","PRI/LTD BY GUAR/NSC (Private, limited by guarantee, no share capital)","Active","United Kingdom",NULL,"2006-08-23",31,8,"2025-05-31","2023-08-31","MICRO ENTITY","2016-09-20","2015-08-23",0,0,0,0,"98000 - Residents property management","","","",0,0,"http://business.data.gov.uk/id/company/05914136",NULL,"",NULL,"",NULL,"",NULL,"",NULL,"",NULL,"",NULL,"",NULL,"",NULL,"",NULL,"","2025-09-06","2024-08-23"
"""309"" WEST END LANE MANAGEMENT LIMITED","02943302","","","309 WEST END LANE","","LONDON","","ENGLAND","NW6 1RD","Private Limited Company","Active","United Kingdom",NULL,"1994-06-28",24,12,"2025-09-24","2023-12-24","DORMANT","2017-07-26","2016-06-28",0,0,0,0,"98000 - Residents property management","","","",0,0,"http://business.data.gov.uk/id/company/02943302",NULL,"",NULL,"",NULL,"",NULL,"",NULL,"",NULL,"",NULL,"",NULL,"",NULL,"",NULL,"","2025-06-23","2024-06-09"
"""DUKE OF WELLINGTON"" (HIGH BRIDGE) LIMITED","00829173","","","19 DARBY CRESCENT","","SUNBURY-ON-THAMES","MIDDLESEX","","TW16 5LB","Private Limited Company","Active","United Kingdom",NULL,"1964-11-27",31,12,"2025-09-30","2023-12-31","TOTAL EXEMPTION FULL","2016-09-17","2015-08-20",0,0,0,0,"68209 - Other letting and operating of own or leased real estate","","","",0,0,"http://business.data.gov.uk/id/company/00829173",NULL,"",NULL,"",NULL,"",NULL,"",NULL,"",NULL,"",NULL,"",NULL,"",NULL,"",NULL,"","2025-09-03","2024-08-20"
"""4RENT ESTATES"" LTD","14983527","","","WHITE HOUSE","WOLLATON STREET","NOTTINGHAM","NOTTS","UNITED KINGDOM","NG1 5GF","Private Limited Company","Active","United Kingdom",NULL,"2023-07-05",31,7,"2025-04-05",NULL,"NO ACCOUNTS FILED","2024-08-02",NULL,0,0,0,0,"68100 - Buying and selling of own real estate","68209 - Other letting and operating of own or leased real estate","68320 - Management of real estate on a fee or contract basis","",0,0,"http://business.data.gov.uk/id/company/14983527",NULL,"",NULL,"",NULL,"",NULL,"",NULL,"",NULL,"",NULL,"",NULL,"",NULL,"",NULL,"","2025-07-18","2024-07-04"
"""786"" MAZ OFFICE SUPPORT LIMITED","10694769","","","22 BEDFORD ROAD","","ILFORD","","ENGLAND","IG1 1EJ","Private Limited Company","Active","United Kingdom",NULL,"2017-03-28",30,4,"2026-01-31","2024-04-30","MICRO ENTITY","2018-04-25",NULL,0,0,0,0,"82110 - Combined office administrative service activities","","","",0,0,"http://business.data.gov.uk/id/company/10694769","2017-04-06","MAZ A&T SERVICES LIMITED",NULL,"",NULL,"",NULL,"",NULL,"",NULL,"",NULL,"",NULL,"",NULL,"",NULL,"","2025-04-03","2024-03-20"
"""A TASTE OF TUSCANY"" LTD","15761044","","","71-75 SHELTON STREET","COVENT GARDEN","LONDON","","UNITED KINGDOM","WC2H 9JQ","Private Limited Company","Active","United Kingdom",NULL,"2024-06-04",30,6,"2026-03-04",NULL,"NO ACCOUNTS FILED","2025-07-02",NULL,0,0,0,0,"56101 - Licensed restaurants","68209 - Other letting and operating of own or leased real estate","","",0,0,"http://business.data.gov.uk/id/company/15761044",NULL,"",NULL,"",NULL,"",NULL,"",NULL,"",NULL,"",NULL,"",NULL,"",NULL,"",NULL,"","2025-06-17",NULL
"""A"" CERAMICS LIMITED","04494986","","","LAKESIDE HOUSE","SMITHS ROAD","BOLTON","","ENGLAND","BL3 2QJ","Private Limited Company","Active","United Kingdom",NULL,"2002-07-25",31,7,"2026-04-30","2024-07-31","TOTAL EXEMPTION FULL","2016-08-22","2015-07-25",1,0,0,1,"86230 - Dental practice activities","","","",0,0,"http://business.data.gov.uk/id/company/04494986",NULL,"",NULL,"",NULL,"",NULL,"",NULL,"",NULL,"",NULL,"",NULL,"",NULL,"",NULL,"","2025-08-08","2024-07-25"
"""A"" CONCEPT LIMITED","02537158","","","BEAUFORT HOUSE","5 MIDDLESEX STREET","LONDON","","","E1 7AA","Private Limited Company","Active","United Kingdom",NULL,"1990-09-05",30,6,"2025-03-31","2023-06-30","TOTAL EXEMPTION FULL","2016-10-03","2015-09-05",2,0,0,2,"64209 - Activities of other holding companies n.e.c.","73110 - Advertising agencies","","",0,0,"http://business.data.gov.uk/id/company/02537158",NULL,"",NULL,"",NULL,"",NULL,"",NULL,"",NULL,"",NULL,"",NULL,"",NULL,"",NULL,"","2025-09-19","2024-09-05"
"""A.B.J.Z DRIVER HIRE "" LTD","09151627","","","C/O HUDSON WEIR LIMITED","58 LEMAN STREET","LONDON","","","E1 8EU","Private Limited Company","Liquidation","United Kingdom",NULL,"2014-07-29",31,7,"2024-04-30","2022-07-31","TOTAL EXEMPTION FULL","2016-08-25","2015-07-28",0,0,0,0,"49410 - Freight transport by road","52290 - Other transportation support activities","78200 - Temporary employment agency activities","82990 - Other business support service activities n.e.c.",0,0,"http://business.data.gov.uk/id/company/09151627",NULL,"",NULL,"",NULL,"",NULL,"",NULL,"",NULL,"",NULL,"",NULL,"",NULL,"",NULL,"","2025-02-09","2024-01-26"
"""ALL WRAPPED UP"" EVENTS MANAGEMENT LTD","SC313991","","","UNIT 27, FIFE FOOD & BUSINESS CENTRE","FARADAY ROAD","GLENROTHES","","SCOTLAND","KY6 2RU","Private Limited Company","Active","United Kingdom",NULL,"2007-01-03",31,5,"2025-02-28","2023-02-28","MICRO ENTITY","2017-01-31","2016-01-03",0,0,0,0,"82990 - Other business support service activities n.e.c.","","","",0,0,"http://business.data.gov.uk/id/company/SC313991",NULL,"",NULL,"",NULL,"",NULL,"",NULL,"",NULL,"",NULL,"",NULL,"",NULL,"",NULL,"","2025-01-17","2024-01-03"
"""ALTAI CASHMERE"" LLC","FC027187","","","BUILDING LEFT TO THE ""TUUL""","DRY CLEANING","KHAN-UUL DISTRICT","ULAANBAATAR, MONGOLIA","MONGOLIA","","Other company type","Active","MONGOLIA",NULL,"2006-06-14",30,6,NULL,NULL,"NO ACCOUNTS FILED",NULL,NULL,0,0,0,0,"None Supplied","","","",0,0,"http://business.data.gov.uk/id/company/FC027187",NULL,"",NULL,"",NULL,"",NULL,"",NULL,"",NULL,"",NULL,"",NULL,"",NULL,"",NULL,"","2016-12-26",NULL
"""AN IDEAL LIFE???"" CIC","12459056","","","197 CLAREMONT ROAD","","MANCHESTER","","ENGLAND","M14 4JF","Community Interest Company","Active - Proposal to Strike off","United Kingdom",NULL,"2020-02-12",29,2,"2022-02-28",NULL,"NO ACCOUNTS FILED","2021-03-12",NULL,0,0,0,0,"85600 - Educational support services","","","",0,0,"http://business.data.gov.uk/id/company/12459056",NULL,"",NULL,"",NULL,"",NULL,"",NULL,"",NULL,"",NULL,"",NULL,"",NULL,"",NULL,"","2023-02-25","2022-02-11"
"""AND BREATHE"" LTD","09008930","","","UNIT G20 BOSTON ENTERPRISE CENTRE VENTURE HOUSE","ENTERPRISE WAY","BOSTON","","ENGLAND","PE21 7TW","Private Limited Company","Active","United Kingdom",NULL,"2014-04-24",31,7,"2026-04-30","2024-07-31","MICRO ENTITY","2017-05-22","2016-04-24",0,0,0,0,"86900 - Other human health activities","","","",0,0,"http://business.data.gov.uk/id/company/09008930",NULL,"",NULL,"",NULL,"",NULL,"",NULL,"",NULL,"",NULL,"",NULL,"",NULL,"",NULL,"","2025-05-08","2024-04-24"
"""ANDI'S GIFT""","CE012989","","","","","","","","","Charitable Incorporated Organisation","Active","United Kingdom",NULL,"2018-01-22",NULL,NULL,NULL,NULL,"NO ACCOUNTS FILED",NULL,NULL,0,0,0,0,"None Supplied","","","",0,0,"http://business.data.gov.uk/id/company/CE012989",NULL,"",NULL,"",NULL,"",NULL,"",NULL,"",NULL,"",NULL,"",NULL,"",NULL,"",NULL,"",NULL,NULL
"""ARTHUR BALFOUR"",CONSERVATIVE WORKING MEN'S CLUB LIMITED","IP10067R","","","","","","","","","Registered Society","Active","United Kingdom",NULL,"1981-01-01",NULL,NULL,NULL,NULL,"NO ACCOUNTS FILED",NULL,NULL,0,0,0,0,"None Supplied","","","",0,0,"http://business.data.gov.uk/id/company/IP10067R",NULL,"",NULL,"",NULL,"",NULL,"",NULL,"",NULL,"",NULL,"",NULL,"",NULL,"",NULL,"","2017-01-15",NULL
"""AUTOCONTEX"" AUTOMOBIL CONTAINER EXPRESS GMBH","FC018262","","","BRANCH REGISTRATION","REFER TO PARENT REGISTRY","","","GERMANY","","Other company type","Active","WEST GERMANY",NULL,"1994-11-01",30,11,NULL,"2002-12-31","FULL",NULL,NULL,2,2,0,0,"None Supplied","","","",0,0,"http://business.data.gov.uk/id/company/FC018262",NULL,"",NULL,"",NULL,"",NULL,"",NULL,"",NULL,"",NULL,"",NULL,"",NULL,"",NULL,"","2016-12-01",NULL
"""B""","CE033707","","","","","","","","","Charitable Incorporated Organisation","Active","United Kingdom",NULL,"2023-09-26",NULL,NULL,NULL,NULL,"NO ACCOUNTS FILED",NULL,NULL,0,0,0,0,"None Supplied","","","",0,0,"http://business.data.gov.uk/id/company/CE033707",NULL,"",NULL,"",NULL,"",NULL,"",NULL,"",NULL,"",NULL,"",NULL,"",NULL,"",NULL,"",NULL,NULL
"""B"" COOL LIMITED","05318740","","","C/O CHARNWOOD ACCOUNTANTS THE POINT GRANITE WAY","MOUNTSORREL","LOUGHBOROUGH","LEICESTERSHIRE","","LE12 7TZ","Private Limited Company","Active","United Kingdom",NULL,"2004-12-21",31,12,"2025-09-30","2023-12-31","TOTAL EXEMPTION FULL","2017-01-18","2015-12-21",0,0,0,0,"43220 - Plumbing, heat and air-conditioning installation","","","",0,0,"http://business.data.gov.uk/id/company/05318740",NULL,"",NULL,"",NULL,"",NULL,"",NULL,"",NULL,"",NULL,"",NULL,"",NULL,"",NULL,"","2026-01-04","2024-12-21"
"""BACHELORS"" LIMITED(THE)","00807672","","","47A HIGH STREET","BANSTEAD","SURREY","","","SM7 2NL","Private Limited Company","Liquidation","United Kingdom",NULL,"1964-06-03",30,6,"2003-04-30",NULL,"NO ACCOUNTS FILED",NULL,NULL,1,1,0,0,"None Supplied","","","",0,0,"http://business.data.gov.uk/id/company/00807672",NULL,"",NULL,"",NULL,"",NULL,"",NULL,"",NULL,"",NULL,"",NULL,"",NULL,"",NULL,"","2017-06-17",NULL
"""BAMEX"" ZAKLAD PRODUKCYJNO-HANDLOWY","FC015324","","","MR.E.SZELICZYK","67 OXLEAY ROAD","RAYNERS LANE","HARROW MIDDX.HA2 9UZ","POLAND","","Other company type","Active","POLAND",NULL,"1989-12-11",31,3,NULL,NULL,"NO ACCOUNTS FILED",NULL,NULL,0,0,0,0,"None Supplied","","","",0,0,"http://business.data.gov.uk/id/company/FC015324",NULL,"",NULL,"",NULL,"",NULL,"",NULL,"",NULL,"",NULL,"",NULL,"",NULL,"",NULL,"","2016-12-25",NULL
"""BE"" NEWHALL MANAGEMENT COMPANY LIMITED","07326397","","","VANTAGE POINT","23 MARK ROAD","HEMEL HEMPSTEAD","HERTFORDSHIRE","","HP2 7DN","PRI/LTD BY GUAR/NSC (Private, limited by guarantee, no share capital)","Active","United Kingdom",NULL,"2010-07-27",31,7,"2025-04-30","2023-07-31","DORMANT","2016-08-24","2015-07-27",0,0,0,0,"98000 - Residents property management","","","",0,0,"http://business.data.gov.uk/id/company/07326397",NULL,"",NULL,"",NULL,"",NULL,"",NULL,"",NULL,"",NULL,"",NULL,"",NULL,"",NULL,"","2025-08-10","2024-07-27"
"""BEDE INVESTMENT PROPERTIES LIMITED""","02871100","","","43A UXBRIDGE ROAD","LONDON","","","","W12 8LA","Private Limited Company","Active","United Kingdom",NULL,"1993-11-12",31,12,"2025-09-30","2023-12-31","MICRO ENTITY","2016-11-28","2015-10-31",5,5,0,0,"68100 - Buying and selling of own real estate","68209 - Other letting and operating of own or leased real estate","","",0,0,"http://business.data.gov.uk/id/company/02871100",NULL,"",NULL,"",NULL,"",NULL,"",NULL,"",NULL,"",NULL,"",NULL,"",NULL,"",NULL,"","2025-11-14","2024-10-31"
"""BEECHBANK COURT"" MANAGEMENT COMPANY LIMITED","01382560","","","33 BEECHBANK","NORWICH","NORFOLK","","","NR2 2AL","Private Limited Company","Active","United Kingdom",NULL,"1978-08-07",31,5,"2026-02-28","2024-05-31","MICRO ENTITY","2017-05-23","2016-04-25",0,0,0,0,"68320 - Management of real estate on a fee or contract basis","74990 - Non-trading company","","",0,0,"http://business.data.gov.uk/id/company/01382560",NULL,"",NULL,"",NULL,"",NULL,"",NULL,"",NULL,"",NULL,"",NULL,"",NULL,"",NULL,"","2025-05-09","2024-04-25"
"""BELLE-VUE"" ENTERPRISES LIMITED","04427981","","","2 THE CRESCENT","","WISBECH","CAMBRIDGESHIRE","UNITED KINGDOM","PE13 1EH","Private Limited Company","Active","United Kingdom",NULL,"2002-04-30",31,5,"2025-02-28","2023-05-31","MICRO ENTITY","2017-05-25","2016-04-27",0,0,0,0,"56101 - Licensed restaurants","","","",0,0,"http://business.data.gov.uk/id/company/04427981",NULL,"",NULL,"",NULL,"",NULL,"",NULL,"",NULL,"",NULL,"",NULL,"",NULL,"",NULL,"","2025-05-11","2024-04-27"
"""EL AL"" ISRAEL AIRLINES LIMITED","FC004087","","","BEN-GURION AIRPORT","PO BOX 41","ZIP 70100","ISRAEL","ISRAEL","","Other company type","Active","ISRAEL",NULL,"1993-01-01",31,12,NULL,"2023-12-31","GROUP",NULL,NULL,8,7,0,1,"None Supplied","","","",0,0,"http://business.data.gov.uk/id/company/FC004087",NULL,"",NULL,"",NULL,"",NULL,"",NULL,"",NULL,"",NULL,"",NULL,"",NULL,"",NULL,"","2016-12-04",NULL
"""BEON"" SUPPORT LTD","14502415","","","1 DEBEN ROAD","","CORBY","","ENGLAND","NN17 2JY","Private Limited Company","Active","United Kingdom",NULL,"2022-11-23",4,4,"2026-01-04","2024-04-04","MICRO ENTITY","2023-12-21",NULL,0,0,0,0,"41100 - Development of building projects","69109 - Activities of patent and copyright agents; other legal activities n.e.c.","84300 - Compulsory social security activities","88990 - Other social work activities without accommodation n.e.c.",0,0,"http://business.data.gov.uk/id/company/14502415",NULL,"",NULL,"",NULL,"",NULL,"",NULL,"",NULL,"",NULL,"",NULL,"",NULL,"",NULL,"","2025-08-08","2024-07-25"
"""BETTER CALL CECIL"" LTD","13105018","","","33 HIGHBURY ROAD","BREAM","LYDNEY","","ENGLAND","GL15 6EF","Private Limited Company","Active","United Kingdom",NULL,"2020-12-30",31,12,"2025-09-30","2023-12-31","TOTAL EXEMPTION FULL","2022-01-27",NULL,0,0,0,0,"69109 - Activities of patent and copyright agents; other legal activities n.e.c.","","","",0,0,"http://business.data.gov.uk/id/company/13105018",NULL,"",NULL,"",NULL,"",NULL,"",NULL,"",NULL,"",NULL,"",NULL,"",NULL,"",NULL,"","2025-01-29","2024-01-15"
"""BIGMAC LTD"" LIMITED","14413667","","","3 STANEFORD CLOSE","KETLEY","TELFORD","","ENGLAND","TF1 5GS","Private Limited Company","Active","United Kingdom",NULL,"2022-10-12",11,10,"2024-07-12",NULL,"NO ACCOUNTS FILED","2023-11-09",NULL,0,0,0,0,"49410 - Freight transport by road","","","",0,0,"http://business.data.gov.uk/id/company/14413667",NULL,"",NULL,"",NULL,"",NULL,"",NULL,"",NULL,"",NULL,"",NULL,"",NULL,"",NULL,"","2025-10-25","2024-10-11"
"""BOCI"" DEEP CLEAN LTD","15727849","","","23A GRANGE PARK","","LONDON","","UNITED KINGDOM","W5 3PS","Private Limited Company","Active","United Kingdom",NULL,"2024-05-18",31,5,"2026-02-18",NULL,"NO ACCOUNTS FILED","2025-06-15",NULL,0,0,0,0,"81210 - General cleaning of buildings","81222 - Specialised cleaning services","","",0,0,"http://business.data.gov.uk/id/company/15727849",NULL,"",NULL,"",NULL,"",NULL,"",NULL,"",NULL,"",NULL,"",NULL,"",NULL,"",NULL,"","2025-05-31",NULL
"""BUDMEL"" COMPANY LTD","FC025469","","","BRANCH REGISTRATION","REFER TO PARENT REGISTRY","","","POLAND","","Other company type","Active","POLAND",NULL,"2004-09-21",30,9,NULL,NULL,"NO ACCOUNTS FILED",NULL,NULL,0,0,0,0,"None Supplied","","","",0,0,"http://business.data.gov.uk/id/company/FC025469",NULL,"",NULL,"",NULL,"",NULL,"",NULL,"",NULL,"",NULL,"",NULL,"",NULL,"",NULL,"","2016-10-05",NULL
"""CANNON CHAMBERS"" 17 CANNON PLACE MANAGEMENT LIMITED","02076454","","","17 CANNON PLACE","HAMPSTEAD","LONDON","","","NW3 1EH","Private Limited Company","Active","United Kingdom",NULL,"1986-11-21",31,3,"2024-12-31","2023-03-31","DORMANT","2017-04-24","2016-03-27",0,0,0,0,"74990 - Non-trading company","98000 - Residents property management","","",0,0,"http://business.data.gov.uk/id/company/02076454",NULL,"",NULL,"",NULL,"",NULL,"",NULL,"",NULL,"",NULL,"",NULL,"",NULL,"",NULL,"","2025-04-10","2024-03-27"
"""CARTREF NI"" LIMITED","02591631","","","GOLEUFAN","27 CHESTER STREET","ST ASAPH","DENBIGHSHIRE","WALES","LL17 0RE","PRI/LTD BY GUAR/NSC (Private, limited by guarantee, no share capital)","Active","United Kingdom",NULL,"1991-03-14",23,3,"2025-12-23","2024-03-23","TOTAL EXEMPTION FULL","2017-04-11","2016-03-14",2,0,0,2,"88100 - Social work activities without accommodation for the elderly and disabled","","","",0,0,"http://business.data.gov.uk/id/company/02591631",NULL,"",NULL,"",NULL,"",NULL,"",NULL,"",NULL,"",NULL,"",NULL,"",NULL,"",NULL,"","2025-03-28","2024-03-14"
"""CHANNING HOUSE""INCORPORATED HIGHGATE","00063121","","","CHANNING SCHOOL","HIGHGATE HILL","HIGHGATE","LONDON","","N6 5HF","PRI/LTD BY GUAR/NSC (Private, limited by guarantee, no share capital)","Active","United Kingdom",NULL,"1899-07-27",31,8,"2025-05-31","2023-08-31","FULL","2016-09-28","2015-08-31",5,5,0,0,"85200 - Primary education","85310 - General secondary education","","",0,0,"http://business.data.gov.uk/id/company/00063121",NULL,"",NULL,"",NULL,"",NULL,"",NULL,"",NULL,"",NULL,"",NULL,"",NULL,"",NULL,"","2025-09-14","2024-08-31"
"""CLAREJON"" JEWELLERY & ACCESSORIES L.P.","LP018170","","","4 BADGERS CROFT VICTORIA ROAD","MORTIMER COMMON","READING","BERKSHIRE","","RG7 3SW","Limited Partnership","Active","United Kingdom",NULL,"2017-06-29",NULL,NULL,NULL,NULL,"NO ACCOUNTS FILED",NULL,NULL,0,0,0,0,"None Supplied","","","",1,1,"http://business.data.gov.uk/id/company/LP018170",NULL,"",NULL,"",NULL,"",NULL,"",NULL,"",NULL,"",NULL,"",NULL,"",NULL,"",NULL,"",NULL,NULL
"""CNOC NA RI"" DEVELOPMENTS LIMITED","NI059358","","","KEYES HOUSE","9 ORCHARD TERRACE","OMAGH","CO TYRONE","","BT78 1LE","Private Limited Company","Active","United Kingdom",NULL,"2006-05-16",31,5,"2025-02-28","2023-05-31","DORMANT","2017-06-13","2016-05-16",0,0,0,0,"41100 - Development of building projects","","","",0,0,"http://business.data.gov.uk/id/company/NI059358",NULL,"",NULL,"",NULL,"",NULL,"",NULL,"",NULL,"",NULL,"",NULL,"",NULL,"",NULL,"","2025-11-14","2024-10-31"
"""COME ON"" SOCIAL NETWORK LIMITED","11271757","","","2 GROSVENOR SQUARE","","SOUTHAMPTON","","ENGLAND","SO15 2BE","Private Limited Company","Active","United Kingdom",NULL,"2018-03-23",31,3,"2025-12-31","2024-03-31","MICRO ENTITY","2019-04-20",NULL,0,0,0,0,"58190 - Other publishing activities","73110 - Advertising agencies","73120 - Media representation services","",0,0,"http://business.data.gov.uk/id/company/11271757",NULL,"",NULL,"",NULL,"",NULL,"",NULL,"",NULL,"",NULL,"",NULL,"",NULL,"",NULL,"","2024-09-24","2023-09-10"
"""COOK WITH ME"" LIMITED","09388058","","","50 EGERTON GARDENS","","LONDON","","","SW3 2BZ","Private Limited Company","Active","United Kingdom",NULL,"2015-01-14",31,1,"2025-10-31","2024-01-31","DORMANT","2017-03-08","2016-02-08",0,0,0,0,"58110 - Book publishing","","","",0,0,"http://business.data.gov.uk/id/company/09388058",NULL,"",NULL,"",NULL,"",NULL,"",NULL,"",NULL,"",NULL,"",NULL,"",NULL,"",NULL,"","2025-04-25","2024-04-11"
"""COOL COFFEE LONDON"" LTD","14428804","","","FLAT 9 METROPOLITAN COURT","6 HAYLING WAY","EDGWARE","","ENGLAND","HA8 8BN","Private Limited Company","Active","United Kingdom",NULL,"2022-10-19",31,10,"2025-07-31","2023-10-31","MICRO ENTITY","2023-11-16",NULL,0,0,0,0,"56102 - Unlicensed restaurants and cafes","","","",0,0,"http://business.data.gov.uk/id/company/14428804",NULL,"",NULL,"",NULL,"",NULL,"",NULL,"",NULL,"",NULL,"",NULL,"",NULL,"",NULL,"","2025-11-01","2024-10-18"
"""CORRECT WORD"" EDITING&PROOFREADING LTD","13815904","","","590 KINGSTON ROAD","","LONDON","","ENGLAND","SW20 8DN","Private Limited Company","Active","United Kingdom",NULL,"2021-12-23",31,12,"2025-09-30","2023-12-31","MICRO ENTITY","2023-01-20",NULL,0,0,0,0,"82190 - Photocopying, document preparation and other specialised office support activities","82990 - Other business support service activities n.e.c.","","",0,0,"http://business.data.gov.uk/id/company/13815904",NULL,"",NULL,"",NULL,"",NULL,"",NULL,"",NULL,"",NULL,"",NULL,"",NULL,"",NULL,"","2025-01-05","2023-12-22"
"""CREATIVE ECONOMY"" LTD","15081740","","","UNIT 1A","10 STOUR ROAD","LONDON","","UNITED KINGDOM","E3 2NT","Private Limited Company","Active","United Kingdom",NULL,"2023-08-18",31,8,"2025-05-18",NULL,"NO ACCOUNTS FILED","2024-09-15",NULL,0,0,0,0,"62090 - Other information technology service activities","","","",0,0,"http://business.data.gov.uk/id/company/15081740",NULL,"",NULL,"",NULL,"",NULL,"",NULL,"",NULL,"",NULL,"",NULL,"",NULL,"",NULL,"","2025-08-28","2024-08-14"
"""CRUSTIES SHERBURN"" LIMITED","12237364","","","5 WOLSEY PARADE","SHERBURN IN ELMET","LEEDS","","ENGLAND","LS25 6BQ","Private Limited Company","Active","United Kingdom",NULL,"2019-10-01",31,10,"2025-07-31","2023-10-31","DORMANT","2020-10-29",NULL,0,0,0,0,"99999 - Dormant Company","","","",0,0,"http://business.data.gov.uk/id/company/12237364",NULL,"",NULL,"",NULL,"",NULL,"",NULL,"",NULL,"",NULL,"",NULL,"",NULL,"",NULL,"","2025-10-14","2024-09-30"
"""D"" CAR WASH LIMITED","05210908","","","7 GRANARD BUSINESS CENTRE","BUNNS LANE","LONDON","","","NW7 2DQ","Private Limited Company","Active","United Kingdom",NULL,"2004-08-20",31,8,"2026-05-31","2024-08-31","MICRO ENTITY","2016-09-06","2015-08-09",0,0,0,0,"96090 - Other service activities n.e.c.","","","",0,0,"http://business.data.gov.uk/id/company/05210908",NULL,"",NULL,"",NULL,"",NULL,"",NULL,"",NULL,"",NULL,"",NULL,"",NULL,"",NULL,"","2025-08-23","2024-08-09"
"""D&C TRANSPORT AND LOGISTIC LIMITED","09480612","","","291 WATLING STREET","","DARTFORD","","ENGLAND","DA2 6EP","Private Limited Company","Active","United Kingdom",NULL,"2015-03-10",31,3,"2025-12-31","2024-03-31","MICRO ENTITY","2017-04-07","2016-03-10",0,0,0,0,"33170 - Repair and maintenance of other transport equipment n.e.c.","49410 - Freight transport by road","","",0,0,"http://business.data.gov.uk/id/company/09480612","2018-11-20","DC LOGISTIK LIMITED","2018-11-05","""D&C TRANSPORT AND LOGISTIC LIMITED",NULL,"",NULL,"",NULL,"",NULL,"",NULL,"",NULL,"",NULL,"",NULL,"","2025-07-24","2024-07-10"
"""DAMI.MB"" LTD","09102217","","","77 CASTLE HILL DRIVE","EBBSFLEET VALLEY","SWANSCOMBE","KENT","ENGLAND","DA10 1ET","Private Limited Company","Active","United Kingdom",NULL,"2014-06-25",30,6,"2025-03-31","2023-06-30","TOTAL EXEMPTION FULL","2016-07-23","2015-06-25",0,0,0,0,"63110 - Data processing, hosting and related activities","","","",0,0,"http://business.data.gov.uk/id/company/09102217",NULL,"",NULL,"",NULL,"",NULL,"",NULL,"",NULL,"",NULL,"",NULL,"",NULL,"",NULL,"","2025-12-06","2024-11-22"
"""DGS UK"" LTD","10492362","","","1 A PENDELL AVENUE","","HAYES","","ENGLAND","UB3 5HH","Private Limited Company","Active","United Kingdom",NULL,"2016-11-23",30,11,"2025-08-31","2023-11-30","TOTAL EXEMPTION FULL","2017-12-21",NULL,0,0,0,0,"78300 - Human resources provision and management of human resources functions","","","",0,0,"http://business.data.gov.uk/id/company/10492362",NULL,"",NULL,"",NULL,"",NULL,"",NULL,"",NULL,"",NULL,"",NULL,"",NULL,"",NULL,"","2025-12-06","2024-11-22"
"""DOBRO"" CONSTRUCTION LTD","09266750","","","1A BRICK COURT","JETTY WALK","GRAYS","","ENGLAND","RM17 6PL","Private Limited Company","Active - Proposal to Strike off","United Kingdom",NULL,"2014-10-16",31,10,"2022-07-31","2020-10-31","MICRO ENTITY","2016-11-13","2015-10-16",0,0,0,0,"43999 - Other specialised construction activities n.e.c.","","","",0,0,"http://business.data.gov.uk/id/company/09266750",NULL,"",NULL,"",NULL,"",NULL,"",NULL,"",NULL,"",NULL,"",NULL,"",NULL,"",NULL,"","2022-08-20","2021-08-06"
"""EMPOWER"" INTERNATIONAL WOMEN'S EMPOWERMENT & CAPACITY BUILDING ORGANISATION CIC","12145462","","","GROVE HOUSE THIRD FLOOR","LOWLANDS ROAD","HARROW","","ENGLAND","HA1 3AW","Community Interest Company","Active","United Kingdom",NULL,"2019-08-08",31,8,"2025-05-31","2023-08-31","MICRO ENTITY","2020-09-05",NULL,0,0,0,0,"85600 - Educational support services","","","",0,0,"http://business.data.gov.uk/id/company/12145462",NULL,"",NULL,"",NULL,"",NULL,"",NULL,"",NULL,"",NULL,"",NULL,"",NULL,"",NULL,"","2025-08-21","2024-08-07"
"""EVEERGE"" LIMITED","00612503","","4385","00612503 - COMPANIES HOUSE DEFAULT ADDRESS","","CARDIFF","","","CF14 8LH","Private Limited Company","Liquidation","United Kingdom",NULL,"1958-10-07",31,12,"1995-10-31","1993-12-31","ACCOUNTS TYPE NOT AVAILABLE","1994-08-06","1993-07-09",2,2,0,0,"2875 - Manufacture other fabricated metal products","","","",0,0,"http://business.data.gov.uk/id/company/00612503",NULL,"",NULL,"",NULL,"",NULL,"",NULL,"",NULL,"",NULL,"",NULL,"",NULL,"",NULL,"",NULL,NULL
"""EVERDEV DIGITAL"" SP LTD","FC040025","","","SMOLYAN, 7 BULGARIA BLVD.,","2ND FLOOR,","OFFICE 7","","BULGARIA","","Other company type","Active","BULGARIA",NULL,"2022-09-27",31,12,NULL,"2023-12-31","FULL",NULL,NULL,0,0,0,0,"None Supplied","","","",0,0,"http://business.data.gov.uk/id/company/FC040025",NULL,"",NULL,"",NULL,"",NULL,"",NULL,"",NULL,"",NULL,"",NULL,"",NULL,"",NULL,"",NULL,NULL
"""F.H.GREENAWAY""","LP002617","","","","","","","","","Limited Partnership","Active","United Kingdom",NULL,"1981-01-01",NULL,NULL,NULL,NULL,"NO ACCOUNTS FILED",NULL,NULL,0,0,0,0,"None Supplied","","","",0,0,"http://business.data.gov.uk/id/company/LP002617",NULL,"",NULL,"",NULL,"",NULL,"",NULL,"",NULL,"",NULL,"",NULL,"",NULL,"",NULL,"","2017-01-15",NULL
"""FELDA EUROPE"" S.R.L.","FC036336","","","BRANCH REGISTRATION","REFER TO PARENT REGISTRY","","","","","Other company type","Active","ROMANIA",NULL,"2019-04-03",30,4,NULL,"2021-04-02","FULL",NULL,NULL,0,0,0,0,"None Supplied","","","",0,0,"http://business.data.gov.uk/id/company/FC036336",NULL,"",NULL,"",NULL,"",NULL,"",NULL,"",NULL,"",NULL,"",NULL,"",NULL,"",NULL,"",NULL,NULL
"""FIRST LEADER (UK) LIMITED""","01941022","","","110 MIDDLETON AVENUE","MIDDLETON AVENUE","LONDON","","ENGLAND","E4 8EE","Private Limited Company","Active","United Kingdom",NULL,"1985-08-21",31,12,"2025-09-30","2023-12-31","TOTAL EXEMPTION FULL","2016-11-27","2015-10-30",2,2,0,0,"63990 - Other information service activities n.e.c.","","","",0,0,"http://business.data.gov.uk/id/company/01941022",NULL,"",NULL,"",NULL,"",NULL,"",NULL,"",NULL,"",NULL,"",NULL,"",NULL,"",NULL,"","2025-11-13","2024-10-30"
"""FIVE TOWNS PLUS"" HOSPICE FUND LIMITED(THE)","01797810","","","THE PRINCE OF WALES HOSPICE","HALFPENNY LANE","PONTEFRACT","WEST YORKS","","WF8 4BG","PRI/LTD BY GUAR/NSC (Private, limited by guarantee, no share capital)","Active","United Kingdom",NULL,"1984-03-07",31,3,"2025-12-31","2024-03-31","GROUP","2017-06-04","2016-05-07",0,0,0,0,"86101 - Hospital activities","","","",0,0,"http://business.data.gov.uk/id/company/01797810",NULL,"",NULL,"",NULL,"",NULL,"",NULL,"",NULL,"",NULL,"",NULL,"",NULL,"",NULL,"","2025-05-21","2024-05-07"
"""FOLLOW YOUR STEPS"" LTD","15580059","","","5 FRIARS ROAD","","LONDON","","ENGLAND","E6 1LH","Private Limited Company","Active","United Kingdom",NULL,"2024-03-20",31,3,"2025-12-20",NULL,"NO ACCOUNTS FILED","2025-04-17",NULL,0,0,0,0,"41201 - Construction of commercial buildings","","","",0,0,"http://business.data.gov.uk/id/company/15580059",NULL,"",NULL,"",NULL,"",NULL,"",NULL,"",NULL,"",NULL,"",NULL,"",NULL,"",NULL,"","2025-04-02",NULL
"""GRENDON COURT"" TEIGNMOUTH MANAGEMENT COMPANY LIMITED","01952156","","","135 REDDENHILL ROAD","","TORQUAY","","","TQ1 3NT","Private Limited Company","Active","United Kingdom",NULL,"1985-10-02",31,3,"2025-12-31","2024-03-31","MICRO ENTITY","2016-08-05","2015-07-08",0,0,0,0,"98000 - Residents property management","","","",0,0,"http://business.data.gov.uk/id/company/01952156",NULL,"",NULL,"",NULL,"",NULL,"",NULL,"",NULL,"",NULL,"",NULL,"",NULL,"",NULL,"","2025-07-22","2024-07-08"
"""GREYFRIARS BULGARIA"" LTD.","FC028914","","","","","REFER TO PARENT REGISTRY","","","","Other company type","Active","BULGARIA",NULL,"2006-07-01",31,7,NULL,"2011-06-30","FULL",NULL,NULL,0,0,0,0,"None Supplied","","","",0,0,"http://business.data.gov.uk/id/company/FC028914",NULL,"",NULL,"",NULL,"",NULL,"",NULL,"",NULL,"",NULL,"",NULL,"",NULL,"",NULL,"",NULL,NULL
"""H.A.R.D.T."" GROUP GMBH","FC025624","","","STUBENRING 18 A-1010","VIENNA","","","AUSTRIA","","Other company type","Active","AUSTRIA",NULL,"2004-07-01",31,12,NULL,"2010-12-31","FULL",NULL,NULL,0,0,0,0,"None Supplied","","","",0,0,"http://business.data.gov.uk/id/company/FC025624",NULL,"",NULL,"",NULL,"",NULL,"",NULL,"",NULL,"",NULL,"",NULL,"",NULL,"",NULL,"","2016-12-22",NULL
"""HAPPY MARK CO"" LTD","15251385","","","128 CITY ROAD","","LONDON","","UNITED KINGDOM","EC1V 2NX","Private Limited Company","Active","United Kingdom",NULL,"2023-11-01",30,11,"2025-08-01",NULL,"NO ACCOUNTS FILED","2024-11-29",NULL,0,0,0,0,"46900 - Non-specialised wholesale trade","47910 - Retail sale via mail order houses or via Internet","","",0,0,"http://business.data.gov.uk/id/company/15251385",NULL,"",NULL,"",NULL,"",NULL,"",NULL,"",NULL,"",NULL,"",NULL,"",NULL,"",NULL,"","2024-11-14",NULL
"""HEAD-ON-IN"" KIDS CLUB","CE034558","","","","","","","","","Charitable Incorporated Organisation","Active","United Kingdom",NULL,"2023-12-07",NULL,NULL,NULL,NULL,"NO ACCOUNTS FILED",NULL,NULL,0,0,0,0,"None Supplied","","","",0,0,"http://business.data.gov.uk/id/company/CE034558",NULL,"",NULL,"",NULL,"",NULL,"",NULL,"",NULL,"",NULL,"",NULL,"",NULL,"",NULL,"",NULL,NULL
"""HEIGHTS"" (MANAGEMENT) NO 2 LIMITED(THE)","00851579","","","99 THE HEIGHTS","FOXGROVE ROAD","BECKENHAM","KENT","ENGLAND","BR3 5BZ","Private Limited Company","Active","United Kingdom",NULL,"1965-06-14",30,6,"2026-03-31","2024-06-30","SMALL","2017-04-29","2016-04-01",1,1,0,0,"98000 - Residents property management","","","",0,0,"http://business.data.gov.uk/id/company/00851579",NULL,"",NULL,"",NULL,"",NULL,"",NULL,"",NULL,"",NULL,"",NULL,"",NULL,"",NULL,"","2025-04-15","2024-04-01"
"""I&GM COMPANY"" LTD","08283517","","","63 WHITFORD GARDENS","WHITFORD GARDENS","MITCHAM","","ENGLAND","CR4 4AB","Private Limited Company","Active","United Kingdom",NULL,"2012-11-06",31,10,"2025-07-31","2023-11-04","MICRO ENTITY","2016-12-04","2015-11-06",0,0,0,0,"81299 - Other cleaning services","96040 - Physical well-being activities","","",0,0,"http://business.data.gov.uk/id/company/08283517",NULL,"",NULL,"",NULL,"",NULL,"",NULL,"",NULL,"",NULL,"",NULL,"",NULL,"",NULL,"","2025-06-18","2024-06-04"
"""I'M SPARKACUS"" ELECTRICAL LIMITED","10339143","","","THORNE LANCASTER PARKER, 5TH FLOOR PALLADIUM HOUSE","1-4 ARGYLL STREET","LONDON","","ENGLAND","W1F 7TA","Private Limited Company","Active","United Kingdom",NULL,"2016-08-22",30,9,"2025-06-30","2023-09-30","TOTAL EXEMPTION FULL","2017-09-19",NULL,0,0,0,0,"82990 - Other business support service activities n.e.c.","","","",0,0,"http://business.data.gov.uk/id/company/10339143",NULL,"",NULL,"",NULL,"",NULL,"",NULL,"",NULL,"",NULL,"",NULL,"",NULL,"",NULL,"","2025-09-04","2024-08-21"
"""IF YOUR NAMES NOT DOWN"" PROTECTION AND SECURITY SERVICES LIMITED","07866300","","","RAILWAY ARCH","102A  ROCKINGHAM STREET","LONDON","","ENGLAND","SE1 6PG","Private Limited Company","Active - Proposal to Strike off","United Kingdom",NULL,"2011-11-30",30,11,"2024-08-31","2022-11-30","DORMANT","2016-12-28","2015-11-30",0,0,0,0,"80100 - Private security activities","","","",0,0,"http://business.data.gov.uk/id/company/07866300","2012-03-08","""IF YOUR NAMES NOT DOWN"" NATIONWIDE SECURITY SERVICES LIMITED",NULL,"",NULL,"",NULL,"",NULL,"",NULL,"",NULL,"",NULL,"",NULL,"",NULL,"","2024-12-11","2023-11-27"
"""INTOUCH COMMUNICATION SERVICES"" LIMITED","03606467","","","29A WOODFORD AVENUE","WOODFORD AVENUE","ILFORD","","ENGLAND","IG2 6UF","Private Limited Company","Active","United Kingdom",NULL,"1998-07-29",31,12,"2025-09-30","2023-12-31","TOTAL EXEMPTION FULL","2016-08-26","2015-07-29",3,3,0,0,"61900 - Other telecommunications activities","","","",0,0,"http://business.data.gov.uk/id/company/03606467",NULL,"",NULL,"",NULL,"",NULL,"",NULL,"",NULL,"",NULL,"",NULL,"",NULL,"",NULL,"","2025-08-12","2024-07-29"
"""IP INTELLIGENT PRODUKT"" LTD","13881179","","","27 OLD GLOUCESTER STREET","","LONDON","","UNITED KINGDOM","WC1N 3AX","Private Limited Company","Active","United Kingdom",NULL,"2022-01-31",31,1,"2024-10-31","2023-01-31","MICRO ENTITY","2023-02-28",NULL,0,0,0,0,"70100 - Activities of head offices","","","",0,0,"http://business.data.gov.uk/id/company/13881179",NULL,"",NULL,"",NULL,"",NULL,"",NULL,"",NULL,"",NULL,"",NULL,"",NULL,"",NULL,"","2025-02-13","2024-01-30"
"""IPPOKRATES"" MEDICAL SERVICES LIMITED","08834169","","","BEGBIES TRAYNOR (CENTRAL) LLP","LEVEL Q, SHERATON HOUSE","SURTEES BUSINESS PARK","STOCKTON-ON-TEES","","TS18 3HR","Private Limited Company","Liquidation","United Kingdom",NULL,"2014-01-07",31,1,"2025-10-31","2024-01-31","TOTAL EXEMPTION FULL","2017-02-04","2016-01-07",0,0,0,0,"86220 - Specialists medical practice activities","","","",0,0,"http://business.data.gov.uk/id/company/08834169","2014-01-07","""IPPROKRATES"" MEDICAL SERVICES LIMITED",NULL,"",NULL,"",NULL,"",NULL,"",NULL,"",NULL,"",NULL,"",NULL,"",NULL,"","2024-10-30","2023-10-16"
"""ITRESIDENT""","LP010300","","","FLAT 6","50 ROMAN ROAD","LONDON","","","E2 0LT","Limited Partnership","Active","United Kingdom",NULL,"2005-03-19",NULL,NULL,NULL,NULL,"NO ACCOUNTS FILED",NULL,NULL,0,0,0,0,"None Supplied","","","",1,1,"http://business.data.gov.uk/id/company/LP010300",NULL,"",NULL,"",NULL,"",NULL,"",NULL,"",NULL,"",NULL,"",NULL,"",NULL,"",NULL,"","2017-04-02",NULL
"""J.D.""INSULATING COMPANY LIMITED","00275795","","","57 CHISWELL ST.","LONDON E.C.1.","","","","","Private Limited Company","Liquidation","United Kingdom",NULL,"1933-05-11",31,3,"2001-01-31",NULL,"NO ACCOUNTS FILED",NULL,"1972-04-27",3,3,0,0,"None Supplied","","","",0,0,"http://business.data.gov.uk/id/company/00275795",NULL,"",NULL,"",NULL,"",NULL,"",NULL,"",NULL,"",NULL,"",NULL,"",NULL,"",NULL,"","2017-05-13",NULL
"""JOHNNIE"" JOHNSON HOUSING TRUST LIMITED","IP19198R","","","","","","","","","Registered Society","Active","United Kingdom",NULL,"1981-01-01",NULL,NULL,NULL,NULL,"NO ACCOUNTS FILED",NULL,NULL,0,0,0,0,"None Supplied","","","",0,0,"http://business.data.gov.uk/id/company/IP19198R",NULL,"",NULL,"",NULL,"",NULL,"",NULL,"",NULL,"",NULL,"",NULL,"",NULL,"",NULL,"","2017-01-15",NULL
"""K"" LAUNDRY LIMITED","00226797","","","THE STATION HOUSE","15 STATION ROAD","ST. IVES","","ENGLAND","PE27 5BH","Private Limited Company","Active","United Kingdom",NULL,"1927-12-22",31,12,"2025-09-30","2023-12-31","SMALL","2017-02-10","2016-01-13",3,3,0,0,"96010 - Washing and (dry-)cleaning of textile and fur products","","","",0,0,"http://business.data.gov.uk/id/company/00226797",NULL,"",NULL,"",NULL,"",NULL,"",NULL,"",NULL,"",NULL,"",NULL,"",NULL,"",NULL,"","2025-01-27","2024-01-13"
"""K"" LINE (EUROPE) LIMITED","05639474","","","6TH FLOOR","5 ALDERMANBURY SQUARE","LONDON","","ENGLAND","EC2V 7BP","Private Limited Company","Active","United Kingdom",NULL,"2005-11-29",31,3,"2025-12-31","2024-03-31","FULL","2016-12-27","2015-11-29",0,0,0,0,"50200 - Sea and coastal freight water transport","52220 - Service activities incidental to water transportation","","",0,0,"http://business.data.gov.uk/id/company/05639474","2006-02-03","""K"" LINE (EUROPE) 2006 LIMITED",NULL,"",NULL,"",NULL,"",NULL,"",NULL,"",NULL,"",NULL,"",NULL,"",NULL,"","2025-12-13","2024-11-29"
"""K"" LINE BULK SHIPPING (UK) LIMITED","04830352","","","6TH FLOOR","5 ALDERMANBURY SQUARE","LONDON","","ENGLAND","EC2V 7BP","Private Limited Company","Active","United Kingdom",NULL,"2003-07-11",31,3,"2025-12-31","2024-03-31","FULL","2017-07-25","2016-06-27",48,10,0,38,"50200 - Sea and coastal freight water transport","","","",0,0,"http://business.data.gov.uk/id/company/04830352",NULL,"",NULL,"",NULL,"",NULL,"",NULL,"",NULL,"",NULL,"",NULL,"",NULL,"",NULL,"","2025-07-11","2024-06-27"
"""K"" LINE HOLDING (EUROPE) LIMITED","05005018","","","6TH FLOOR","5 ALDERMANBURY SQUARE","LONDON","","ENGLAND","EC2V 7BP","Private Limited Company","Active","United Kingdom",NULL,"2003-12-31",31,3,"2025-12-31","2024-03-31","FULL","2017-01-28","2015-12-31",0,0,0,0,"50200 - Sea and coastal freight water transport","52220 - Service activities incidental to water transportation","52241 - Cargo handling for water transport activities","",0,0,"http://business.data.gov.uk/id/company/05005018",NULL,"",NULL,"",NULL,"",NULL,"",NULL,"",NULL,"",NULL,"",NULL,"",NULL,"",NULL,"","2026-01-14","2024-12-31"
"""K"" LINE LNG SHIPPING (UK) LIMITED","05356484","","","6TH FLOOR","5 ALDERMANBURY SQUARE","LONDON","","ENGLAND","EC2V 7BP","Private Limited Company","Active","United Kingdom",NULL,"2005-02-08",31,3,"2025-12-31","2024-03-31","FULL","2017-03-08","2016-02-08",10,9,0,1,"50200 - Sea and coastal freight water transport","","","",0,0,"http://business.data.gov.uk/id/company/05356484",NULL,"",NULL,"",NULL,"",NULL,"",NULL,"",NULL,"",NULL,"",NULL,"",NULL,"",NULL,"","2025-02-22","2024-02-08"
"""K"" LINE LOGISTICS (UK) LIMITED","02318517","","","671 SPUR ROAD","NORTH FELTHAM TRADING ESTATE","FELTHAM","MIDDLESEX","","TW14 0SL","Private Limited Company","Active","United Kingdom",NULL,"1988-11-17",31,3,"2025-12-31","2024-03-31","SMALL","2017-06-21","2016-05-24",0,0,0,0,"52230 - Service activities incidental to air transportation","52242 - Cargo handling for air transport activities","","",0,0,"http://business.data.gov.uk/id/company/02318517","2006-06-06","""K"" LINE AIR SERVICE (UK) LIMITED",NULL,"",NULL,"",NULL,"",NULL,"",NULL,"",NULL,"",NULL,"",NULL,"",NULL,"","2025-06-07","2024-05-24"
"""KARELEAN COURT"" MANAGEMENT COMPANY LIMITED","01852173","","","KARELEAN COURT CHARLTON MEAD","DRIVE","WESTBURY ON TRYM","BRISTOL","","BS10 6LW","Private Limited Company","Active","United Kingdom",NULL,"1984-10-03",31,3,"2025-12-31","2024-03-31","MICRO ENTITY","2017-01-10","2015-12-13",0,0,0,0,"98000 - Residents property management","","","",0,0,"http://business.data.gov.uk/id/company/01852173",NULL,"",NULL,"",NULL,"",NULL,"",NULL,"",NULL,"",NULL,"",NULL,"",NULL,"",NULL,"","2024-12-27","2023-12-13"
"""KASPI BANK"" JOINT STOCK COMPANY","FC026103","","","154 ""A"" NAURYZBAI BATYR","","ALMATY","050013","KAZAKHSTAN","","Other company type","Active","KAZAKHSTAN",NULL,"2005-04-25",NULL,NULL,NULL,NULL,"NO ACCOUNTS FILED",NULL,NULL,0,0,0,0,"None Supplied","","","",0,0,"http://business.data.gov.uk/id/company/FC026103",NULL,"",NULL,"",NULL,"",NULL,"",NULL,"",NULL,"",NULL,"",NULL,"",NULL,"",NULL,"","2017-05-09",NULL
"""KOLORY SWIATA"" KREATYWNE PODROZE LTD","13138542","","","7 COSFORD CLOSE","","WREXHAM","","WALES","LL13 9QQ","Private Limited Company","Active","United Kingdom",NULL,"2021-01-18",31,1,"2025-10-31","2024-01-31","MICRO ENTITY","2022-02-15",NULL,0,0,0,0,"79110 - Travel agency activities","79901 - Activities of tourist guides","86900 - Other human health activities","96040 - Physical well-being activities",0,0,"http://business.data.gov.uk/id/company/13138542",NULL,"",NULL,"",NULL,"",NULL,"",NULL,"",NULL,"",NULL,"",NULL,"",NULL,"",NULL,"","2025-02-11","2024-01-28"
"""LADY FAIR"" (LLANDUDNO) LIMITED","00805326","","","29 PRINCES DRIVE","","COLWYN BAY","CONWY","","LL29 8PE","Private Limited Company","Active","United Kingdom",NULL,"1964-05-14",7,7,"2026-04-07","2024-07-07","MICRO ENTITY","2016-07-28","2015-06-30",0,0,0,0,"68320 - Management of real estate on a fee or contract basis","","","",0,0,"http://business.data.gov.uk/id/company/00805326",NULL,"",NULL,"",NULL,"",NULL,"",NULL,"",NULL,"",NULL,"",NULL,"",NULL,"",NULL,"","2025-07-14","2024-06-30"
"""LADY ROSE"" PRIVATSTIFTUNG","OE029607","","","4 BÖRSEPLATZ","","WIEN","","AUSTRIA","1010","Overseas Entity","Active","AUSTRIA",NULL,"2023-05-05",NULL,NULL,NULL,NULL,"NO ACCOUNTS FILED",NULL,NULL,0,0,0,0,"None Supplied","","","",0,0,"http://business.data.gov.uk/id/company/OE029607",NULL,"",NULL,"",NULL,"",NULL,"",NULL,"",NULL,"",NULL,"",NULL,"",NULL,"",NULL,"","2025-05-18","2024-05-04"
"""LEANPLUM"" EOOD","FC033018","","","BRANCH REGISTRATION","REFER TO PARENT REGISTRY","","","","","Other company type","Active","BULGARIA",NULL,"2015-12-01",NULL,NULL,NULL,NULL,"NO ACCOUNTS FILED",NULL,NULL,0,0,0,0,"None Supplied","","","",0,0,"http://business.data.gov.uk/id/company/FC033018",NULL,"",NULL,"",NULL,"",NULL,"",NULL,"",NULL,"",NULL,"",NULL,"",NULL,"",NULL,"",NULL,NULL
"""LEAVES OF NURTURE"" LTD","13981809","","","128 CITY ROAD","","LONDON","","UNITED KINGDOM","EC1V 2NX","Private Limited Company","Active","United Kingdom",NULL,"2022-03-16",31,3,"2024-12-31","2023-03-31","DORMANT","2023-04-13",NULL,0,0,0,0,"58110 - Book publishing","58190 - Other publishing activities","","",0,0,"http://business.data.gov.uk/id/company/13981809",NULL,"",NULL,"",NULL,"",NULL,"",NULL,"",NULL,"",NULL,"",NULL,"",NULL,"",NULL,"","2025-03-29","2024-03-15"
